{"cameraMode":{"drawMode":0,"name":"Shaded","section":"Shading Mode"},"sceneLighting":true,"audioPlay":false,"sceneViewState":{"m_AlwaysRefresh":false,"showFog":true,"showSkybox":true,"showFlares":true,"showImageEffects":true,"showParticleSystems":true,"showVisualEffectGraphs":true,"m_FxEnabled":false},"in2DMode":false,"pivot":{"x":1.2317321300506592,"y":-0.34277188777923586,"z":24.222509384155275},"rotation":{"x":-0.17066878080368043,"y":-0.27195143699645998,"z":0.04905341565608978,"w":-0.9458751678466797},"size":2.5461184978485109,"orthographic":false}